{"sections":{"slideshow":{"type":"slideshow","blocks":{"slide-1":{"type":"image","settings":{"image":"shopify:\/\/shop_images\/Banner_Desktop.png","mobile_image":"shopify:\/\/shop_images\/Inserir_um_subtitulo.png","show_overlay":false,"overlay_opacity":30,"text_color":"#ffffff","title":"","content":"","content_position":"middle_center","button_background":"#ffffff","button_text_color":"#000000","button_text":"Button","link":""}}},"block_order":["slide-1"],"settings":{"edge_to_edge":true,"section_size":"preserve_ratio","carousel_effect":"slide","autoplay":true,"cycle_speed":5}},"featured-collection":{"type":"featured-collection","settings":{"collection":"frontpage","title":"Destaques da Semana","products_count":12,"layout":"vertical","stack_products":false,"show_quick_buy":false,"link_title":"Ver Mais","link_url":""}},"collection-list":{"type":"collection-list","blocks":{"collection-1":{"type":"collection","settings":{"collection":"cabelos","image":"shopify:\/\/shop_images\/Design_sem_nome_3.png","link":"shopify:\/\/collections\/maquiagem"}},"collection-2":{"type":"collection","settings":{"collection":"frontpage","image":"shopify:\/\/shop_images\/Design_sem_nome_2.png","link":""}},"collection-3":{"type":"collection","settings":{"collection":"frontpage","image":"shopify:\/\/shop_images\/Design_sem_nome_3.png","link":""}},"collection-4":{"type":"collection","settings":{"collection":"frontpage","image":"shopify:\/\/shop_images\/Design_sem_nome_2.png","link":""}},"collection-5":{"type":"collection","settings":{"collection":"frontpage","image":"shopify:\/\/shop_images\/Design_sem_nome_3.png","link":""}},"collection-6":{"type":"collection","settings":{"collection":"frontpage","image":"shopify:\/\/shop_images\/Design_sem_nome_2.png","link":""}}},"block_order":["collection-1","collection-2","collection-3","collection-4","collection-5","collection-6"],"settings":{"title":"Categorias","link_title":"Ver Mais","link":"shopify:\/\/collections","round_images":false,"show_collection_title":true}},"1651078118c42b4ced":{"type":"featured-collection","settings":{"collection":"frontpage","title":"Maquiagem","products_count":12,"layout":"vertical","stack_products":false,"show_quick_buy":false,"link_title":"View all","link_url":""}},"165107880196052a70":{"type":"featured-collection","disabled":true,"settings":{"collection":"frontpage","title":"Featured collection","products_count":12,"layout":"vertical","stack_products":false,"show_quick_buy":false,"link_title":"View all","link_url":""}},"165107880492a8acbe":{"type":"featured-collection","disabled":true,"settings":{"collection":"frontpage","title":"Featured collection","products_count":12,"layout":"vertical","stack_products":false,"show_quick_buy":false,"link_title":"View all","link_url":""}}},"order":["slideshow","featured-collection","collection-list","1651078118c42b4ced","165107880196052a70","165107880492a8acbe"]}