{"sections":{"main":{"type":"main-page","settings":{}},"1652811781a81e1317":{"type":"rich-text","settings":{"text_width":"narrow","title":"Prencha o formulário abaixo!","content":"<p>Se você tem alguma dúvida sobre o seu pedido, por favor, coloque o número de Identificação na sua mensagem (ex: #101). <br\/><\/p><p>Elogios, reclamações ou sugestões devem ser encaminhadas ao nosso e-mail.<br\/><br\/>Geralmente respondemos suas solicitações via e-mail dentro de 3 dias úteis. <\/p><p>Horários de Atendimento: Segunda a Sexta: das 9h às 17h<\/p>","button_text":"Our products","button_link":""}},"contact-form":{"type":"contact-form","settings":{"form_heading":"","show_store_info":false,"store_heading":"Find us","store_info":""}}},"order":["main","1652811781a81e1317","contact-form"]}