{"sections":{"main":{"type":"main-page","settings":{}},"faq":{"type":"faq","blocks":{"separator-1":{"type":"separator","settings":{"title":"Perguntas Frequentes:"}},"question-1":{"type":"question","settings":{"title":"Este produto possui garantia?","answer":"<p>Quando você adquire algum de nossos produtos está protegido automaticamente pela Garantia, tendo 07 dias para testá-lo. E se você não estiver satisfeito com o investimento feito, dentro desse prazo, poderá solicitar o reembolso pelo e-mail de suporte, sem complicações.<\/p><p><\/p><p>Para saber mais detalhes sobre a garantia da loja consulte \"Termos de Uso\" no site do nosso site.<\/p>"}},"question-2":{"type":"question","settings":{"title":"Por que comprar com vocês?","answer":"<p>Nós somos o canal de vendas oficial dos produtos. Somente através deste site você garante que irá receber produtos originais na sua casa e está protegido com a nossa garantia contra defeitos ou insatisfação com os produtos.<\/p>"}},"question-3":{"type":"question","settings":{"title":"Minha compra será segura?","answer":"<p>Sim, nosso sistema de segurança é monitorado 24h e certificado pela Norton Security, além de que seus dados são criptografados a 256 bits (o mesmo utilizado por bancos). É impossível ocorrer fraude em seu nome pois nenhum dado é guardado em nosso sistema.<\/p>"}},"question-4":{"type":"question","settings":{"title":"Como acompanhar meu pedido?","answer":"<p>Todos os produtos são enviados com códigos de rastreamento válidos internacionalmente e você pode consultar todas movimentações diretamente no nosso site.<\/p><p>Nossos fornecedores (industrias que fabricam os produtos) pedem em média 5 dias úteis para enviarem o número de rastreio.<\/p><p>Se mesmo após este período você não tiver recebido, basta entrar em contato via e-mail.<\/p><p>Para consultar o seu pedido, basta acessar a página de rastreio<\/p>"}},"question-5":{"type":"question","settings":{"title":"Como devolver um produto?","answer":"<p>Você poderá encontrar todas as regras e passos de devolução na página \"Trocas e Devoluções\". Caso tenha dificuldade de encontrar esta página basta escrever \"trocas\" na busca.<\/p>"}},"72f3ef1b-50d1-4a6f-b002-e8853fe6321f":{"type":"question","settings":{"title":"Qual o prazo de entrega?","answer":"<p>O prazo de entrega dos produtos é de 2 à 5 semanas após a data da postagem.<\/p><p>Enviamos o código de rastreio em até 7 dias úteis após a confirmação do pagamento no e-mail cadastrado na compra.<\/p><p>Alguns produtos ficam muito tempo em Curitiba devido a fiscalização da receita federal que verifica todos os pacotes que entram no Brasil e como eles estão sobrecarregados algumas vezes isso atrasa muito as entregas. É necessário aguardar a entrega mas não se preocupe, seu item vai chegar.<\/p><p>Trabalhamos com fornecedores da Ásia. Ao realizar um pedido com mais de um item, você poderá receber mais de um código de rastreio e a postagem pode acontecer em datas diferentes.<\/p>"}},"2dab0e92-cd8b-4428-abdb-fedff48573cc":{"type":"question","settings":{"title":"INFORMAÇÕES IMPORTANTES:","answer":"<p>- Em casos onde os Correios realizam 3 tentativas de entrega e o produto seja devolvido ao remetente, não nos responsabilizamos e não reembolsamos.<\/p><p>- Em casos de endereço incorreto, endereço incompleto, destinatário desconhecido no local de entrega, endereço desconhecido, destinatário mudou-se e carteiro não atendido, não nos responsabilizamos ou<\/p><p>reembolsamos. É de responsabilidade do comprador preencher corretamente os dados de entrega solicitado pelo site em local disponível para recebimento.<\/p><p>- Os produtos que retornarem ao remetente pelos motivos mencionados acima, podem ser reenviados ao cliente com o pagamento do frete de reenvio, por conta do comprador.<\/p><p>- A importação de um produto, devido a distância, envolve transportadores, portos, aeroportos, Correios, etc. Não temos como acelerar a entrega ou dizer a data exata da entrega. Trabalhamos com Frete Internacional, um frete econômico com rastreio.<\/p><p>- O rastreio pode demorar para sofrer atualizações devido a distância. É normal que demore 20 dias ou mais para uma nova atualização.<\/p><p>- O prazo de 4 à 12 semanas é um prazo estimado, dessa forma a entrega pode ser realizada antes ou depois desse prazo, com no máximo 12 semanas. Lembrando que a grande maioria das importações são entregues em 45 dias no Brasil.<\/p><p>- Em casos de extravio ou objeto não localizado no fluxo postal, será identificado e informado em seu código de rastreio, a loja envia um cartão de presente com o mesmo valor da compra. Dessa forma a compra pode ser refeita em nosso site.<\/p><p>- É de responsabilidade dos destinatários que estiverem aguardando encomendas do exterior, acessar o rastreamento de objetos no site dos Correios e fazer o pagamento do despacho postal por boleto ou cartão de crédito para liberarem a entrega da encomenda. O prazo para entrega passa a contar a partir da data de confirmação do pagamento.<\/p><p>- Todos os produtos importados quando chega ao Brasil, passam pela alfândega que fica na cidade de Curitiba, lá eles são vistoriados pela receita federal brasileira que escolhem os que serão taxados.<\/p><p>Todos pacotes . O decreto de Lei 1804\/80 sobre importação garante que a importação até $100USD (dólares americanos) não podem ser taxados. A maioria dos nossos produtos são de baixo valor vindo direto de nossos fornecedores para você.<\/p>"}},"1f0d8197-b5ab-482e-b5b6-3fb0bbdeae09":{"type":"question","settings":{"title":"ATENÇÃO:","answer":"<p>- Todas as entregas feitas de Novembro a Fevereiro estarão sujeitas a atrasos na entrega devido ao grande volume de entregas dos Correios nesse período de final de ano.<\/p><p>- Celebração do Ano Novo Chinês: com início em Fevereiro 11 e termino em Fevereiro 25, todos os pedidos realizados em nossa loja nesse período<\/p><p>sofrerão atraso de 15 dias no prazo da entrega informado acima.<\/p><p>LEMBRE-SE que ao realizar uma compra em nossa loja, você está CONCORDANDO com todos os termos de compra, devolução ou troca desse site, INCLUSIVE COM AS ESTIMATIVAS DE ENTREGA E POSSÍVEIS ATRASOS.<\/p><p> <\/p><p>Além disso, você poderá enviar uma mensagem diretamente para este e-mail na página \"Fale conosco\".<\/p>"}}},"block_order":["separator-1","question-1","question-2","question-3","question-4","question-5","72f3ef1b-50d1-4a6f-b002-e8853fe6321f","2dab0e92-cd8b-4428-abdb-fedff48573cc","1f0d8197-b5ab-482e-b5b6-3fb0bbdeae09"],"settings":{"show_contact_info":true,"contact_info_heading":"Alguma Dúvida?","contact_info_text":"<p>Se ainda não tivermos respondido sua pergunta, você pode entrar em contato conosco abaixo e entraremos em contato com você o mais breve possível.<\/p>","contact_1_icon":"bi-phone","contact_1_heading":"Contato do suporte:","contact_1_text":"<p>+11 9999-9999<\/p>","contact_2_icon":"bi-email","contact_2_heading":"Contato de email:","contact_2_text":"<p>sac@sualoja.com<\/p>"}}},"order":["main","faq"]}