{"sections":{"main":{"type":"main-product","blocks":{"product_meta":{"type":"product_meta","settings":{"show_vendor":false,"show_sku":true,"show_reviews_badge":true,"show_share_buttons":false}},"variant_selector":{"type":"variant_selector","settings":{"selector_mode":"block","color_mode":"variant_image","show_quantity_selector":true,"show_taxes_included":false,"show_inventory_quantity":false,"low_inventory_threshold":0}},"buy_buttons":{"type":"buy_buttons","settings":{"show_payment_button":false}},"description":{"type":"description","settings":{"display_mode":"show_all"}}},"block_order":["product_meta","variant_selector","buy_buttons","description"],"settings":{"image_size":"medium","enable_video_looping":false,"enable_image_zoom":true,"zoom_effect":"outside","carousel_effect":"fade"}},"16528240118fdbfb33":{"type":"apps","blocks":{"88bcec2e-26cc-4201-8c9d-c7170d4ab65d":{"type":"shopify:\/\/apps\/ryviu-aliexpress-reviews-app\/blocks\/ryviu-widget\/807ad6ed-1a6a-4559-abea-ed062858d9da","settings":{"hide_when_no_reviews":false,"r_wapper_class":"","r_max_width":1920,"r_padding_block":0}}},"block_order":["88bcec2e-26cc-4201-8c9d-c7170d4ab65d"],"settings":{"include_margins":true}},"product-recommendations":{"type":"product-recommendations","settings":{"heading":"Você também pode gostar de:","show_quick_buy":false}},"recently-viewed-products":{"type":"recently-viewed-products","settings":{"title":"Produtos Vistos Recenemtetete","show_quick_buy":false}},"loox-product-reviews-app-section":{"type":"apps","settings":{"include_margins":false}}},"order":["main","16528240118fdbfb33","product-recommendations","recently-viewed-products","loox-product-reviews-app-section"]}